{"proxies":{"ti.googlesignin.GooglesigninModule":{"superPackageName":"org.appcelerator.kroll","methods":{"signIn":{"runOnUiThread":false,"hasInvocation":false,"args":[],"apiName":"signIn","converter":"org.appcelerator.kroll.KrollConverter","defaultValueProvider":"org.appcelerator.kroll.KrollConverter","name":"__default_name__","returnType":"void"},"signOut":{"runOnUiThread":false,"hasInvocation":false,"args":[],"apiName":"signOut","converter":"org.appcelerator.kroll.KrollConverter","defaultValueProvider":"org.appcelerator.kroll.KrollConverter","name":"__default_name__","returnType":"void"},"initialize":{"runOnUiThread":false,"hasInvocation":false,"args":[{"converter":"org.appcelerator.kroll.KrollConverter","defaultValueProvider":"org.appcelerator.kroll.KrollConverter","name":"opts","sourceName":"opts","type":"org.appcelerator.kroll.KrollDict"}],"apiName":"initialize","converter":"org.appcelerator.kroll.KrollConverter","defaultValueProvider":"org.appcelerator.kroll.KrollConverter","name":"__default_name__","returnType":"void"}},"superProxyBindingClassName":"org.appcelerator.kroll.KrollModuleBindingGen","proxyClassName":"GooglesigninModule","proxyAttrs":{"propertyAccessors":[],"fullAPIName":"Googlesignin","name":"Googlesignin","proxyClassName":"ti.googlesignin.GooglesigninModule","isTopLevel":false,"id":"ti.googlesignin"},"packageName":"ti.googlesignin","sourceName":"ti.googlesignin.GooglesigninModuleBindingGen","constants":{"INVALID_ACCOUNT":{"proxyName":"INVALID_ACCOUNT","name":"INVALID_ACCOUNT","type":"int","value":5},"INTERNAL_ERROR":{"proxyName":"INTERNAL_ERROR","name":"INTERNAL_ERROR","type":"int","value":8},"NETWORK_ERROR":{"proxyName":"NETWORK_ERROR","name":"NETWORK_ERROR","type":"int","value":7},"SIGN_IN_REQUIRED":{"proxyName":"SIGN_IN_REQUIRED","name":"SIGN_IN_REQUIRED","type":"int","value":12501}},"superProxyClassName":"KrollModule","isModule":true,"genClassName":"GooglesigninModuleBindingGen","onAppCreate":"onAppCreate"},"ti.googlesignin.ExampleProxy":{"superPackageName":"org.appcelerator.titanium.proxy","methods":{"printMessage":{"runOnUiThread":false,"hasInvocation":false,"args":[{"converter":"org.appcelerator.kroll.KrollConverter","defaultValueProvider":"org.appcelerator.kroll.KrollConverter","name":"message","sourceName":"message","type":"java.lang.String"}],"apiName":"printMessage","converter":"org.appcelerator.kroll.KrollConverter","defaultValueProvider":"org.appcelerator.kroll.KrollConverter","name":"__default_name__","returnType":"void"},"getMessage":{"runOnUiThread":false,"hasInvocation":false,"args":[],"apiName":"getMessage","converter":"org.appcelerator.kroll.KrollConverter","defaultValueProvider":"org.appcelerator.kroll.KrollConverter","name":"__default_name__","returnType":"java.lang.String"},"setMessage":{"runOnUiThread":false,"hasInvocation":false,"args":[{"converter":"org.appcelerator.kroll.KrollConverter","defaultValueProvider":"org.appcelerator.kroll.KrollConverter","name":"message","sourceName":"message","type":"java.lang.String"}],"apiName":"setMessage","converter":"org.appcelerator.kroll.KrollConverter","defaultValueProvider":"org.appcelerator.kroll.KrollConverter","name":"__default_name__","returnType":"void"}},"dynamicProperties":{"message":{"set":true,"nativeConverter":"org.appcelerator.kroll.KrollConverter","getMethodName":"getMessage","setMethodName":"setMessage","setMethodArgs":[{"converter":"org.appcelerator.kroll.KrollConverter","defaultValueProvider":"org.appcelerator.kroll.KrollConverter","name":"message","sourceName":"message","type":"java.lang.String"}],"setDefaultProviders":["org.appcelerator.kroll.KrollConverter"],"converter":"org.appcelerator.kroll.KrollConverter","defaultValueProvider":"org.appcelerator.kroll.KrollConverter","retain":true,"javascriptConverter":"org.appcelerator.kroll.KrollConverter","getHasInvocation":false,"runOnUiThread":false,"getMethodArgs":[],"getReturnType":"java.lang.String","setReturnType":"void","get":true,"name":"message","setHasInvocation":false,"getDefaultProviders":[]}},"superProxyBindingClassName":"org.appcelerator.titanium.proxy.TiViewProxyBindingGen","proxyClassName":"ExampleProxy","proxyAttrs":{"propertyAccessors":[],"fullAPIName":"Googlesignin.Example","name":"Example","proxyClassName":"ti.googlesignin.ExampleProxy","isTopLevel":false,"id":"ti.googlesignin.ExampleProxy","creatableInModule":"ti.googlesignin.GooglesigninModule","parentModule":"org.appcelerator.kroll.annotations.Kroll.DEFAULT"},"packageName":"ti.googlesignin","sourceName":"ti.googlesignin.ExampleProxyBindingGen","superProxyClassName":"TiViewProxy","isModule":false,"genClassName":"ExampleProxyBindingGen"}},"modules":{"ti.googlesignin.GooglesigninModule":{"apiName":"Googlesignin","createProxies":[{"propertyAccessors":[],"fullAPIName":"Googlesignin.Example","name":"Example","proxyClassName":"ti.googlesignin.ExampleProxy","isTopLevel":false,"id":"ti.googlesignin.ExampleProxy","creatableInModule":"ti.googlesignin.GooglesigninModule","parentModule":"org.appcelerator.kroll.annotations.Kroll.DEFAULT"}]}}}