{"proxies":{"com.aurus.permcheck.PermissionDenyCheckModule":{"superPackageName":"org.appcelerator.kroll","methods":{"checkPermission":{"runOnUiThread":false,"hasInvocation":false,"args":[{"converter":"org.appcelerator.kroll.KrollConverter","defaultValueProvider":"org.appcelerator.kroll.KrollConverter","name":"permName","sourceName":"permName","type":"int"}],"apiName":"checkPermission","converter":"org.appcelerator.kroll.KrollConverter","defaultValueProvider":"org.appcelerator.kroll.KrollConverter","name":"__default_name__","returnType":"int"}},"dynamicProperties":{"exampleProp":{"set":true,"nativeConverter":"org.appcelerator.kroll.KrollConverter","getMethodName":"getExampleProp","setMethodName":"setExampleProp","setMethodArgs":[{"converter":"org.appcelerator.kroll.KrollConverter","defaultValueProvider":"org.appcelerator.kroll.KrollConverter","name":"value","sourceName":"value","type":"java.lang.String"}],"setDefaultProviders":["org.appcelerator.kroll.KrollConverter"],"converter":"org.appcelerator.kroll.KrollConverter","defaultValueProvider":"org.appcelerator.kroll.KrollConverter","retain":true,"javascriptConverter":"org.appcelerator.kroll.KrollConverter","getHasInvocation":false,"runOnUiThread":false,"getMethodArgs":[],"getReturnType":"java.lang.String","setReturnType":"void","get":true,"name":"exampleProp","setHasInvocation":false,"getDefaultProviders":[]}},"superProxyBindingClassName":"org.appcelerator.kroll.KrollModuleBindingGen","proxyClassName":"PermissionDenyCheckModule","proxyAttrs":{"propertyAccessors":[],"fullAPIName":"PermissionDenyCheck","name":"PermissionDenyCheck","proxyClassName":"com.aurus.permcheck.PermissionDenyCheckModule","isTopLevel":false,"id":"com.aurus.permcheck"},"packageName":"com.aurus.permcheck","sourceName":"com.aurus.permcheck.PermissionDenyCheckModuleBindingGen","superProxyClassName":"KrollModule","isModule":true,"genClassName":"PermissionDenyCheckModuleBindingGen","onAppCreate":"onAppCreate"}},"modules":{"com.aurus.permcheck.PermissionDenyCheckModule":{"apiName":"PermissionDenyCheck"}}}