{"Resources/ti.aws/package.json":1,"Resources/ti.cloud/package.json":1,"Resources/ti.kernel.js":1,"Resources/ti.main.js":1,"Resources/app.js":1,"Resources/main.js":1,"Resources/navDrawer.js":1,"Resources/BrandOffers/OfferList.js":1,"Resources/BrandOffers/offers.js":1,"Resources/Buynow/buynow.js":1,"Resources/Buynow/buynow2.js":1,"Resources/Buynow/buynowexternal.js":1,"Resources/Calls/callSucess.js":1,"Resources/Calls/postCall.js":1,"Resources/Calls/viewCall.js":1,"Resources/IntroScreen/IntroScreen.js":1,"Resources/Login/VerifyOTP.js":1,"Resources/Login/addNumber.js":1,"Resources/Login/changeNumber.js":1,"Resources/Login/changePassword.js":1,"Resources/Login/forgotPassword.js":1,"Resources/Login/login.js":1,"Resources/Login/login1.js":1,"Resources/Login/resetPassword.js":1,"Resources/Login/signUp.js":1,"Resources/Login/signupPassword.js":1,"Resources/checkForUpdate/AppUpdate.js":1,"Resources/checkForUpdate/UpdateCheck.js":1,"Resources/checkForUpdate/deviceUpdate.js":1,"Resources/ScanQR/QRCode.js":1,"Resources/ScanQR/ViewVoucher.js":1,"Resources/ScanQR/VoucherList.js":1,"Resources/common/header.js":1,"Resources/common/hyperlink.js":1,"Resources/crypto/aes.js":1,"Resources/home/BrandDetail.js":1,"Resources/home/DeviceDetails.js":1,"Resources/home/HomeScreenNumber.js":1,"Resources/home/InvoiceDetails.js":1,"Resources/home/acntDelDeact.js":1,"Resources/home/addDevices.js":1,"Resources/home/homeScreen.js":1,"Resources/home/myCalls.js":1,"Resources/home/storeLocator.js":1,"Resources/homeMenu/myBrands.js":1,"Resources/homeMenu/myDevices.js":1,"Resources/homeMenu/myInvoices.js":1,"Resources/homeMenu/store.js":1,"Resources/homeMenu/trackComplaint.js":1,"Resources/library/loader.js":1,"Resources/library/location.js":1,"Resources/library/networklayer.js":1,"Resources/library/notification.js":1,"Resources/library/retry.js":1,"Resources/library/validators.js":1,"Resources/push/notification.js":1,"Resources/menu/leftSlidingMenu.js":1,"Resources/menu/myLinkedNumber.js":1,"Resources/menu/myProfile.js":1,"Resources/menu/notificationCenter.js":1,"Resources/menu/sendFeedback.js":1,"Resources/menu/sendReview.js":1,"Resources/staticPages/aboutApp.js":1,"Resources/staticPages/aboutVS.js":1,"Resources/staticPages/contactUs.js":1,"Resources/staticPages/disclaimer.js":1,"Resources/staticPages/mission.js":1,"Resources/staticPages/termsOfServics.js":1,"Resources/vsPlus/getSupport.js":1,"Resources/vsPlus/pickUpRepair.js":1,"Resources/vsPlus/repairRequestStatus.js":1,"Resources/vsPlus/requestCreation.js":1,"Resources/vsPlus/serviceRequest.js":1,"Resources/vsPlus/vsPlusSupport.js":1,"Resources/fonts/invoices-old.js":1,"Resources/ti.playservices/ti.playservices.bootstrap.js":1,"Resources/ti.cloud/ti.cloud.js":1,"Resources/ti.aws/ti.aws.js":1,"Resources/ti.aws/lib/date.js":1,"Resources/_env_.json":1,"Resources/ti.internal/bootstrap.json":1}